,Business,Cryptocurrency,Economy,Entertainment,Environment,Finance,Health,Investing,Law,People,Politics,Science,Social,Sports,Technology
tax,job,xrp,economy,love,like,money,health,buy,law,people,trump,time,people,game,just
sales,business,btc,people,like,just,tax,good,stock,crime,good,people,like,bts,team,like
historic,work,crypto,money,good,time,pay,just,price,court,don,fbi,just,social,win,time
collapse,company,bitcoin,economic,just,day,bank,time,market,legal,like,president,water,respect,football,good
liberal,time,eth,make,time,good,dollar,like,gold,case,just,kash,make,media,state,make
living,people,sol,good,lol,house,people,people,good,god,time,patel,good,yoongi,season,use
hiding,just,https,trade,game,love,make,day,money,convicted,love,russia,people,like,good,people
xrp,good,guys,just,music,don,time,don,bought,lawyer,life,government,science,just,miami,app
good,make,market,inflation,people,water,just,body,just,jesus,know,war,energy,vcr,year,work
people,like,price,work,great,looks,taxes,feel,investment,judge,man,country,don,time,play,new
xlm,year,token,time,play,snow,cash,make,trading,justice,think,just,think,twitter,match,https
like,market,coin,prices,make,cold,debt,covid,time,federal,person,like,space,good,time,don
just,years,don,brics,movie,place,good,care,like,laws,god,america,years,exclusion,just,ai
trump,don,just,market,don,life,don,life,sell,years,make,time,change,mma,games,post
game,companies,doge,pay,new,weather,year,eat,worth,good,day,biden,data,member,like,com
shit,service,buy,income,video,home,account,long,buying,don,years,state,ft,don,acc,free
overnight,day,miss,like,day,feel,paying,years,account,people,feel,election,life,melon,teams,game
love,customer,wallet,china,watch,climate,like,mental,years,felon,want,israel,need,friends,big,need
russian,money,xlm,tariffs,fun,cat,buy,think,don,time,thank,director,big,excluding,championship,ve
hbar,pay,blockchain,growth,think,shit,budget,bad,year,just,happy,world,research,post,defense,great
